income,happiness
3.86264741839841,2.31448898284741
4.97938138246536,3.43348975853174
4.9239569362253,4.59937340433575
3.21437243884429,2.79111380280692
7.19640925107524,5.59639827336202
3.72964347945526,2.45855587216119
4.67451738892123,3.19299180946247
4.49810382071882,1.90713683309599